{
  "config": {
    "n_users": 276,
    "n_sessions": 10,
    "seed": 42,
    "scaling_factor": 1000,
    "features": [
      "head_yaw_cstd",
      "head_pitch_mean",
      "head_roll_std",
      "head_speed_mean",
      "tremor_rms_mm"
    ],
    "n_churn_trials": 200,
    "population_rule": "10 sessions/user; ok spares promoted chronologically; users below 10 dropped (4): ['2f9697e1-ace1-46e4-ba09-15dd669a0fd3', '3ad88880-59f0-488e-9c2f-706184e76fbc', '4c2d20a8-017e-4632-8526-f9cb847025a6', 'fd114a61-2792-42af-9417-3344691e0f79']",
    "cv": "StandardScaler in Pipeline (per-fold fit), kNN k=3, 5-fold CV",
    "chance_accuracy": 0.0036231884057971015
  },
  "results": {
    "churn": {
      "0.0": 0.0,
      "0.5": 1.0,
      "1.0": 1.0,
      "1.5": 1.0,
      "2.0": 1.0,
      "2.5": 1.0,
      "3.0": 1.0,
      "3.5": 1.0,
      "4.0": 1.0
    },
    "natural_cross_session_churn_eta0": 1.0,
    "reid_5feature": {
      "0.0": 0.09021739130434783,
      "0.5": 0.04456521739130435,
      "1.0": 0.034420289855072464,
      "1.5": 0.030434782608695653,
      "2.0": 0.028985507246376812,
      "2.5": 0.029347826086956526,
      "3.0": 0.02282608695652174,
      "3.5": 0.019927536231884056,
      "4.0": 0.01992753623188406
    },
    "reid_4feature_no_tremor": {
      "0.0": 0.0713768115942029,
      "0.5": 0.03115942028985507,
      "1.0": 0.035869565217391305,
      "1.5": 0.0318840579710145,
      "2.0": 0.03115942028985507,
      "2.5": 0.030797101449275367,
      "3.0": 0.02318840579710145,
      "3.5": 0.019202898550724636,
      "4.0": 0.017753623188405794
    }
  }
}